run_id,returncode,first_tcp,second_tcp,queue,base_rtt,ecn,rng_run,stop_time,link_rate,throughput_mean_mbps,throughput_p05_mbps,throughput_p95_mbps,second_throughput_mean_mbps,ping_rtt_mean_ms,ping_rtt_p95_ms,queue_delay_mean_ms,queue_delay_p95_ms,queue_delay_max_ms,cwnd_mean_segments,drop_count,mark_count,elapsed_wall_seconds,git_commit
tcp-cubic_queue-codel_rtt-10ms_ecn-0_run-1,0,cubic,,codel,10ms,0,1,40s,50Mbps,48.19249333333333,48.1894,48.2213,nan,13.885580689655173,15.876430000000001,3.1219233353849107,5.06048,7.68,63.72063060498221,8,0,27.055000066757202,e2c9e30c6ebdfd534aa7e30f6324b5674d138b9f
tcp-cubic_queue-codel_rtt-10ms_ecn-0_run-2,0,cubic,,codel,10ms,0,2,40s,50Mbps,48.19249333333333,48.1894,48.2213,nan,13.885580689655173,15.876430000000001,3.1219233353849107,5.06048,7.68,63.72063060498221,8,0,26.982594966888428,e2c9e30c6ebdfd534aa7e30f6324b5674d138b9f
tcp-cubic_queue-codel_rtt-10ms_ecn-0_run-3,0,cubic,,codel,10ms,0,3,40s,50Mbps,48.19249333333333,48.1894,48.2213,nan,13.885580689655173,15.876430000000001,3.1219233353849107,5.06048,7.68,63.72063060498221,8,0,26.915972232818604,e2c9e30c6ebdfd534aa7e30f6324b5674d138b9f
tcp-cubic_queue-codel_rtt-10ms_ecn-1_run-1,0,cubic,,codel,10ms,1,1,40s,50Mbps,48.19249333333333,48.1894,48.2213,nan,13.859063793103447,15.7317,3.1053274199131082,5.039999999999999,6.24,60.48745570291777,0,8,27.17103409767151,e2c9e30c6ebdfd534aa7e30f6324b5674d138b9f
tcp-cubic_queue-codel_rtt-10ms_ecn-1_run-2,0,cubic,,codel,10ms,1,2,40s,50Mbps,48.19249333333333,48.1894,48.2213,nan,13.859063793103447,15.7317,3.1053274199131082,5.039999999999999,6.24,60.48745570291777,0,8,27.059396266937256,e2c9e30c6ebdfd534aa7e30f6324b5674d138b9f
tcp-cubic_queue-codel_rtt-10ms_ecn-1_run-3,0,cubic,,codel,10ms,1,3,40s,50Mbps,48.19249333333333,48.1894,48.2213,nan,13.859063793103447,15.7317,3.1053274199131082,5.039999999999999,6.24,60.48745570291777,0,8,27.0228168964386,e2c9e30c6ebdfd534aa7e30f6324b5674d138b9f
tcp-cubic_queue-codel_rtt-50ms_ecn-0_run-1,0,cubic,,codel,50ms,0,1,40s,50Mbps,45.85834066666666,40.274665,48.1894,nan,51.2419351724138,55.381255,0.9616680582663002,4.58048,6.24,202.28443465909092,5,0,26.471681833267212,e2c9e30c6ebdfd534aa7e30f6324b5674d138b9f
tcp-cubic_queue-codel_rtt-50ms_ecn-0_run-2,0,cubic,,codel,50ms,0,2,40s,50Mbps,45.85834066666666,40.274665,48.1894,nan,51.2419351724138,55.381255,0.9616680582663002,4.58048,6.24,202.28443465909092,5,0,26.674314975738525,e2c9e30c6ebdfd534aa7e30f6324b5674d138b9f
tcp-cubic_queue-codel_rtt-50ms_ecn-0_run-3,0,cubic,,codel,50ms,0,3,40s,50Mbps,45.85834066666666,40.274665,48.1894,nan,51.2419351724138,55.381255,0.9616680582663002,4.58048,6.24,202.28443465909092,5,0,25.987280130386353,e2c9e30c6ebdfd534aa7e30f6324b5674d138b9f
tcp-cubic_queue-codel_rtt-50ms_ecn-1_run-1,0,cubic,,codel,50ms,1,1,40s,50Mbps,45.85564266666666,40.280454999999996,48.1894,nan,51.266706896551725,55.281454999999994,0.9643177119475305,4.58048,6.26048,193.73510675909878,0,5,25.946160078048706,e2c9e30c6ebdfd534aa7e30f6324b5674d138b9f
tcp-cubic_queue-codel_rtt-50ms_ecn-1_run-2,0,cubic,,codel,50ms,1,2,40s,50Mbps,45.85564266666666,40.280454999999996,48.1894,nan,51.266706896551725,55.281454999999994,0.9643177119475305,4.58048,6.26048,193.73510675909878,0,5,928.4908068180084,e2c9e30c6ebdfd534aa7e30f6324b5674d138b9f
tcp-cubic_queue-codel_rtt-50ms_ecn-1_run-3,0,cubic,,codel,50ms,1,3,40s,50Mbps,45.85564266666666,40.280454999999996,48.1894,nan,51.266706896551725,55.281454999999994,0.9643177119475305,4.58048,6.26048,193.73510675909878,0,5,26.387574911117554,e2c9e30c6ebdfd534aa7e30f6324b5674d138b9f
tcp-cubic_queue-codel_rtt-80ms_ecn-0_run-1,0,cubic,,codel,80ms,0,1,40s,50Mbps,44.236589333333335,38.72533,48.1894,nan,81.03488689655173,85.18472499999999,0.7279234705104102,4.56,6.96,308.3814284128746,4,0,936.9474008083344,e2c9e30c6ebdfd534aa7e30f6324b5674d138b9f
tcp-cubic_queue-codel_rtt-80ms_ecn-0_run-2,0,cubic,,codel,80ms,0,2,40s,50Mbps,44.236589333333335,38.72533,48.1894,nan,81.03488689655173,85.18472499999999,0.7279234705104102,4.56,6.96,308.3814284128746,4,0,26.043216228485107,e2c9e30c6ebdfd534aa7e30f6324b5674d138b9f
tcp-cubic_queue-codel_rtt-80ms_ecn-0_run-3,0,cubic,,codel,80ms,0,3,40s,50Mbps,44.236589333333335,38.72533,48.1894,nan,81.03488689655173,85.18472499999999,0.7279234705104102,4.56,6.96,308.3814284128746,4,0,86.17068004608154,e2c9e30c6ebdfd534aa7e30f6324b5674d138b9f
tcp-cubic_queue-codel_rtt-80ms_ecn-1_run-1,0,cubic,,codel,80ms,1,1,40s,50Mbps,44.25203,38.800610000000006,48.1894,nan,81.04929586206896,85.176625,0.7305232210793783,4.56,6.98048,308.44312555391434,0,4,25.49525809288025,e2c9e30c6ebdfd534aa7e30f6324b5674d138b9f
tcp-cubic_queue-codel_rtt-80ms_ecn-1_run-2,0,cubic,,codel,80ms,1,2,40s,50Mbps,44.25203,38.800610000000006,48.1894,nan,81.04929586206896,85.176625,0.7305232210793783,4.56,6.98048,308.44312555391434,0,4,944.6857218742371,e2c9e30c6ebdfd534aa7e30f6324b5674d138b9f
tcp-cubic_queue-codel_rtt-80ms_ecn-1_run-3,0,cubic,,codel,80ms,1,3,40s,50Mbps,44.25203,38.800610000000006,48.1894,nan,81.04929586206896,85.176625,0.7305232210793783,4.56,6.98048,308.44312555391434,0,4,25.192464113235474,e2c9e30c6ebdfd534aa7e30f6324b5674d138b9f
tcp-cubic_queue-fq_rtt-10ms_ecn-0_run-1,0,cubic,,fq,10ms,0,1,40s,50Mbps,48.19249333333333,48.1894,48.2213,nan,10.749819655172415,10.964884999999999,3.104564628992354,5.039999999999999,6.24,60.48745570291777,0,8,27.992910146713257,e2c9e30c6ebdfd534aa7e30f6324b5674d138b9f
tcp-cubic_queue-fq_rtt-10ms_ecn-0_run-2,0,cubic,,fq,10ms,0,2,40s,50Mbps,48.19249333333333,48.1894,48.2213,nan,10.749819655172415,10.964884999999999,3.104564628992354,5.039999999999999,6.24,60.48745570291777,0,8,28.369395971298218,e2c9e30c6ebdfd534aa7e30f6324b5674d138b9f
tcp-cubic_queue-fq_rtt-10ms_ecn-0_run-3,0,cubic,,fq,10ms,0,3,40s,50Mbps,48.19249333333333,48.1894,48.2213,nan,10.749819655172415,10.964884999999999,3.104564628992354,5.039999999999999,6.24,60.48745570291777,0,8,972.7996661663055,e2c9e30c6ebdfd534aa7e30f6324b5674d138b9f
tcp-cubic_queue-fq_rtt-10ms_ecn-1_run-1,0,cubic,,fq,10ms,1,1,40s,50Mbps,48.19249333333333,48.1894,48.2213,nan,10.749819655172415,10.964884999999999,3.104564628992354,5.039999999999999,6.24,60.48745570291777,0,8,29.13819122314453,e2c9e30c6ebdfd534aa7e30f6324b5674d138b9f
tcp-cubic_queue-fq_rtt-10ms_ecn-1_run-2,0,cubic,,fq,10ms,1,2,40s,50Mbps,48.19249333333333,48.1894,48.2213,nan,10.749819655172415,10.964884999999999,3.104564628992354,5.039999999999999,6.24,60.48745570291777,0,8,1065.5852830410004,e2c9e30c6ebdfd534aa7e30f6324b5674d138b9f
tcp-cubic_queue-fq_rtt-10ms_ecn-1_run-3,0,cubic,,fq,10ms,1,3,40s,50Mbps,48.19249333333333,48.1894,48.2213,nan,10.749819655172415,10.964884999999999,3.104564628992354,5.039999999999999,6.24,60.48745570291777,0,8,28.438008069992065,e2c9e30c6ebdfd534aa7e30f6324b5674d138b9f
tcp-cubic_queue-fq_rtt-50ms_ecn-0_run-1,0,cubic,,fq,50ms,0,1,40s,50Mbps,45.855642,40.280454999999996,48.1894,nan,50.47746275862069,50.934055,0.9643302822984635,4.8,6.48,193.93176145833334,0,5,1014.2626602649689,e2c9e30c6ebdfd534aa7e30f6324b5674d138b9f
tcp-cubic_queue-fq_rtt-50ms_ecn-0_run-2,0,cubic,,fq,50ms,0,2,40s,50Mbps,45.855642,40.280454999999996,48.1894,nan,50.47746275862069,50.934055,0.9643302822984635,4.8,6.48,193.93176145833334,0,5,936.2298202514648,e2c9e30c6ebdfd534aa7e30f6324b5674d138b9f
tcp-cubic_queue-fq_rtt-50ms_ecn-0_run-3,0,cubic,,fq,50ms,0,3,40s,50Mbps,45.855642,40.280454999999996,48.1894,nan,50.47746275862069,50.934055,0.9643302822984635,4.8,6.48,193.93176145833334,0,5,27.65972089767456,e2c9e30c6ebdfd534aa7e30f6324b5674d138b9f
tcp-cubic_queue-fq_rtt-50ms_ecn-1_run-1,0,cubic,,fq,50ms,1,1,40s,50Mbps,45.855642,40.280454999999996,48.1894,nan,50.47746275862069,50.934055,0.9643302822984635,4.8,6.48,193.93176145833334,0,5,991.624913930893,e2c9e30c6ebdfd534aa7e30f6324b5674d138b9f
tcp-cubic_queue-fq_rtt-50ms_ecn-1_run-2,0,cubic,,fq,50ms,1,2,40s,50Mbps,45.855642,40.280454999999996,48.1894,nan,50.47746275862069,50.934055,0.9643302822984635,4.8,6.48,193.93176145833334,0,5,27.122411966323853,e2c9e30c6ebdfd534aa7e30f6324b5674d138b9f
tcp-cubic_queue-fq_rtt-50ms_ecn-1_run-3,0,cubic,,fq,50ms,1,3,40s,50Mbps,45.855642,40.280454999999996,48.1894,nan,50.47746275862069,50.934055,0.9643302822984635,4.8,6.48,193.93176145833334,0,5,938.2237238883972,e2c9e30c6ebdfd534aa7e30f6324b5674d138b9f
tcp-cubic_queue-fq_rtt-80ms_ecn-0_run-1,0,cubic,,fq,80ms,0,1,40s,50Mbps,44.25241666666667,38.762919999999994,48.1894,nan,80.43467862068965,80.89552,0.7305902796776832,4.56,7.2,308.44312555391434,0,4,161.92490792274475,e2c9e30c6ebdfd534aa7e30f6324b5674d138b9f
tcp-cubic_queue-fq_rtt-80ms_ecn-0_run-2,0,cubic,,fq,80ms,0,2,40s,50Mbps,44.25241666666667,38.762919999999994,48.1894,nan,80.43467862068965,80.89552,0.7305902796776832,4.56,7.2,308.44312555391434,0,4,26.28650999069214,e2c9e30c6ebdfd534aa7e30f6324b5674d138b9f
tcp-cubic_queue-fq_rtt-80ms_ecn-0_run-3,0,cubic,,fq,80ms,0,3,40s,50Mbps,44.25241666666667,38.762919999999994,48.1894,nan,80.43467862068965,80.89552,0.7305902796776832,4.56,7.2,308.44312555391434,0,4,1018.4055659770966,e2c9e30c6ebdfd534aa7e30f6324b5674d138b9f
tcp-cubic_queue-fq_rtt-80ms_ecn-1_run-1,0,cubic,,fq,80ms,1,1,40s,50Mbps,44.25241666666667,38.762919999999994,48.1894,nan,80.43467862068965,80.89552,0.7305902796776832,4.56,7.2,308.44312555391434,0,4,26.38286805152893,e2c9e30c6ebdfd534aa7e30f6324b5674d138b9f
tcp-cubic_queue-fq_rtt-80ms_ecn-1_run-2,0,cubic,,fq,80ms,1,2,40s,50Mbps,44.25241666666667,38.762919999999994,48.1894,nan,80.43467862068965,80.89552,0.7305902796776832,4.56,7.2,308.44312555391434,0,4,26.176246881484985,e2c9e30c6ebdfd534aa7e30f6324b5674d138b9f
tcp-cubic_queue-fq_rtt-80ms_ecn-1_run-3,0,cubic,,fq,80ms,1,3,40s,50Mbps,44.25241666666667,38.762919999999994,48.1894,nan,80.43467862068965,80.89552,0.7305902796776832,4.56,7.2,308.44312555391434,0,4,991.4276251792908,e2c9e30c6ebdfd534aa7e30f6324b5674d138b9f
tcp-cubic_queue-pie_rtt-10ms_ecn-0_run-1,0,cubic,,pie,10ms,0,1,40s,50Mbps,46.77309666666667,42.29612,48.1894,nan,11.00569275862069,14.883890000000003,0.7003425474361824,4.08,6.0,55.95008931860037,35,0,1007.7305448055267,e2c9e30c6ebdfd534aa7e30f6324b5674d138b9f
tcp-cubic_queue-pie_rtt-10ms_ecn-0_run-2,0,cubic,,pie,10ms,0,2,40s,50Mbps,46.77309666666667,42.29612,48.1894,nan,11.00569275862069,14.883890000000003,0.7003425474361824,4.08,6.0,55.95008931860037,35,0,27.466686010360718,e2c9e30c6ebdfd534aa7e30f6324b5674d138b9f
tcp-cubic_queue-pie_rtt-10ms_ecn-0_run-3,0,cubic,,pie,10ms,0,3,40s,50Mbps,46.77309666666667,42.29612,48.1894,nan,11.00569275862069,14.883890000000003,0.7003425474361824,4.08,6.0,55.95008931860037,35,0,520.9410331249237,e2c9e30c6ebdfd534aa7e30f6324b5674d138b9f
tcp-cubic_queue-pie_rtt-10ms_ecn-1_run-1,0,cubic,,pie,10ms,1,1,40s,50Mbps,46.77309666666667,42.29612,48.1894,nan,11.00569275862069,14.883890000000003,0.7003425474361824,4.08,6.0,55.95008931860037,35,0,27.170835971832275,e2c9e30c6ebdfd534aa7e30f6324b5674d138b9f
tcp-cubic_queue-pie_rtt-10ms_ecn-1_run-2,0,cubic,,pie,10ms,1,2,40s,50Mbps,46.77309666666667,42.29612,48.1894,nan,11.00569275862069,14.883890000000003,0.7003425474361824,4.08,6.0,55.95008931860037,35,0,980.8359041213989,e2c9e30c6ebdfd534aa7e30f6324b5674d138b9f
tcp-cubic_queue-pie_rtt-10ms_ecn-1_run-3,0,cubic,,pie,10ms,1,3,40s,50Mbps,46.77309666666667,42.29612,48.1894,nan,11.00569275862069,14.883890000000003,0.7003425474361824,4.08,6.0,55.95008931860037,35,0,961.9850618839264,e2c9e30c6ebdfd534aa7e30f6324b5674d138b9f
tcp-cubic_queue-pie_rtt-50ms_ecn-0_run-1,0,cubic,,pie,50ms,0,1,40s,50Mbps,31.62509533333333,12.536755,47.38145999999999,nan,50.47007896551724,51.665544999999995,0.3706642523766273,2.4,6.0,171.35348291571754,16,0,16.733097076416016,e2c9e30c6ebdfd534aa7e30f6324b5674d138b9f
tcp-cubic_queue-pie_rtt-50ms_ecn-0_run-2,0,cubic,,pie,50ms,0,2,40s,50Mbps,31.62509533333333,12.536755,47.38145999999999,nan,50.47007896551724,51.665544999999995,0.3706642523766273,2.4,6.0,171.35348291571754,16,0,16.74198007583618,e2c9e30c6ebdfd534aa7e30f6324b5674d138b9f
tcp-cubic_queue-pie_rtt-50ms_ecn-0_run-3,0,cubic,,pie,50ms,0,3,40s,50Mbps,31.62509533333333,12.536755,47.38145999999999,nan,50.47007896551724,51.665544999999995,0.3706642523766273,2.4,6.0,171.35348291571754,16,0,954.0384430885315,e2c9e30c6ebdfd534aa7e30f6324b5674d138b9f
tcp-cubic_queue-pie_rtt-50ms_ecn-1_run-1,0,cubic,,pie,50ms,1,1,40s,50Mbps,31.62509533333333,12.536755,47.38145999999999,nan,50.47007896551724,51.665544999999995,0.3706642523766273,2.4,6.0,171.35348291571754,16,0,17.25933003425598,e2c9e30c6ebdfd534aa7e30f6324b5674d138b9f
tcp-cubic_queue-pie_rtt-50ms_ecn-1_run-2,0,cubic,,pie,50ms,1,2,40s,50Mbps,31.62509533333333,12.536755,47.38145999999999,nan,50.47007896551724,51.665544999999995,0.3706642523766273,2.4,6.0,171.35348291571754,16,0,17.005778074264526,e2c9e30c6ebdfd534aa7e30f6324b5674d138b9f
tcp-cubic_queue-pie_rtt-50ms_ecn-1_run-3,0,cubic,,pie,50ms,1,3,40s,50Mbps,31.62509533333333,12.536755,47.38145999999999,nan,50.47007896551724,51.665544999999995,0.3706642523766273,2.4,6.0,171.35348291571754,16,0,666.7082731723785,e2c9e30c6ebdfd534aa7e30f6324b5674d138b9f
tcp-cubic_queue-pie_rtt-80ms_ecn-0_run-1,0,cubic,,pie,80ms,0,1,40s,50Mbps,31.737066533333333,7.011216000000001,48.1894,nan,80.7343727586207,84.11143999999999,0.8340895399684728,5.04,6.0,273.51605957108814,19,0,17.210077047348022,e2c9e30c6ebdfd534aa7e30f6324b5674d138b9f
tcp-cubic_queue-pie_rtt-80ms_ecn-0_run-2,0,cubic,,pie,80ms,0,2,40s,50Mbps,31.737066533333333,7.011216000000001,48.1894,nan,80.7343727586207,84.11143999999999,0.8340895399684728,5.04,6.0,273.51605957108814,19,0,16.963764905929565,e2c9e30c6ebdfd534aa7e30f6324b5674d138b9f
tcp-cubic_queue-pie_rtt-80ms_ecn-0_run-3,0,cubic,,pie,80ms,0,3,40s,50Mbps,31.737066533333333,7.011216000000001,48.1894,nan,80.7343727586207,84.11143999999999,0.8340895399684728,5.04,6.0,273.51605957108814,19,0,16.85808801651001,e2c9e30c6ebdfd534aa7e30f6324b5674d138b9f
tcp-cubic_queue-pie_rtt-80ms_ecn-1_run-1,0,cubic,,pie,80ms,1,1,40s,50Mbps,31.737066533333333,7.011216000000001,48.1894,nan,80.7343727586207,84.11143999999999,0.8340895399684728,5.04,6.0,273.51605957108814,19,0,960.9990801811218,e2c9e30c6ebdfd534aa7e30f6324b5674d138b9f
tcp-cubic_queue-pie_rtt-80ms_ecn-1_run-2,0,cubic,,pie,80ms,1,2,40s,50Mbps,31.737066533333333,7.011216000000001,48.1894,nan,80.7343727586207,84.11143999999999,0.8340895399684728,5.04,6.0,273.51605957108814,19,0,16.8437659740448,e2c9e30c6ebdfd534aa7e30f6324b5674d138b9f
tcp-cubic_queue-pie_rtt-80ms_ecn-1_run-3,0,cubic,,pie,80ms,1,3,40s,50Mbps,31.737066533333333,7.011216000000001,48.1894,nan,80.7343727586207,84.11143999999999,0.8340895399684728,5.04,6.0,273.51605957108814,19,0,921.8374111652374,e2c9e30c6ebdfd534aa7e30f6324b5674d138b9f
tcp-cubic_queue-red_rtt-10ms_ecn-0_run-1,0,cubic,,red,10ms,0,1,40s,50Mbps,47.404792,43.43421,48.1894,nan,11.000120344827586,12.344515000000001,0.46878307878590875,1.68,4.8,52.36770485436893,9,0,27.42907190322876,e2c9e30c6ebdfd534aa7e30f6324b5674d138b9f
tcp-cubic_queue-red_rtt-10ms_ecn-0_run-2,0,cubic,,red,10ms,0,2,40s,50Mbps,47.54418533333333,43.9034,48.1894,nan,11.006175862068966,12.324000000000002,0.456226910175177,1.44,4.56,52.48162346570397,8,0,952.8034479618073,e2c9e30c6ebdfd534aa7e30f6324b5674d138b9f
tcp-cubic_queue-red_rtt-10ms_ecn-0_run-3,0,cubic,,red,10ms,0,3,40s,50Mbps,47.492443333333334,43.770174999999995,48.1894,nan,10.916104827586206,12.267905,0.4308906990250312,1.44,4.56,52.35784319419238,8,0,27.967414140701294,e2c9e30c6ebdfd534aa7e30f6324b5674d138b9f
tcp-cubic_queue-red_rtt-10ms_ecn-1_run-1,0,cubic,,red,10ms,1,1,40s,50Mbps,47.433366666666664,43.602165,48.1894,nan,10.963014827586207,12.174655000000001,0.46187039254780454,1.44,2.4,46.62568227848101,0,9,733.5340919494629,e2c9e30c6ebdfd534aa7e30f6324b5674d138b9f
tcp-cubic_queue-red_rtt-10ms_ecn-1_run-2,0,cubic,,red,10ms,1,2,40s,50Mbps,47.500165333333335,43.523955,48.1894,nan,10.924850344827586,12.141855,0.4379852962977981,1.44,2.4,46.647341242937856,0,8,2963.871803045273,e2c9e30c6ebdfd534aa7e30f6324b5674d138b9f
tcp-cubic_queue-red_rtt-10ms_ecn-1_run-3,0,cubic,,red,10ms,1,3,40s,50Mbps,47.47699866666667,43.544264999999996,48.1894,nan,10.989041034482758,12.251014999999999,0.5064096868040826,1.68,2.64,43.11429749003984,0,10,35.91954278945923,e2c9e30c6ebdfd534aa7e30f6324b5674d138b9f
tcp-cubic_queue-red_rtt-50ms_ecn-0_run-1,0,cubic,,red,50ms,0,1,40s,50Mbps,37.77890133333333,12.536755,48.1894,nan,50.46413413793104,51.948285,0.24032277275027839,1.2,4.8,179.3516213592233,6,0,26.117034912109375,e2c9e30c6ebdfd534aa7e30f6324b5674d138b9f
tcp-cubic_queue-red_rtt-50ms_ecn-0_run-2,0,cubic,,red,50ms,0,2,40s,50Mbps,37.767702666666665,12.536755,48.1894,nan,50.45042310344827,51.727450000000005,0.2364534337666545,1.2,5.06048,179.14670319001388,5,0,25.351269006729126,e2c9e30c6ebdfd534aa7e30f6324b5674d138b9f
tcp-cubic_queue-red_rtt-50ms_ecn-0_run-3,0,cubic,,red,50ms,0,3,40s,50Mbps,34.414136666666664,12.536755,48.006969999999995,nan,50.37970586206897,51.019185,0.2415439322621508,1.2,4.8,174.33101228501226,7,0,23.205934762954712,e2c9e30c6ebdfd534aa7e30f6324b5674d138b9f
tcp-cubic_queue-red_rtt-50ms_ecn-1_run-1,0,cubic,,red,50ms,1,1,40s,50Mbps,37.78391933333333,12.536755,48.1894,nan,50.47862034482758,52.033525,0.24304760532307848,1.2,5.30048,175.93339273356403,0,7,25.388824939727783,e2c9e30c6ebdfd534aa7e30f6324b5674d138b9f
tcp-cubic_queue-red_rtt-50ms_ecn-1_run-2,0,cubic,,red,50ms,1,2,40s,50Mbps,37.77658533333333,12.536755,48.1894,nan,50.458619999999996,51.838260000000005,0.23806631033365727,1.2,5.06048,175.69784228769498,0,5,25.448307991027832,e2c9e30c6ebdfd534aa7e30f6324b5674d138b9f
tcp-cubic_queue-red_rtt-50ms_ecn-1_run-3,0,cubic,,red,50ms,1,3,40s,50Mbps,34.496766,12.536755,48.1894,nan,50.387380344827584,51.132265000000004,0.2440132529265697,1.2,5.30048,171.54008850931677,0,7,23.277395963668823,e2c9e30c6ebdfd534aa7e30f6324b5674d138b9f
tcp-cubic_queue-red_rtt-80ms_ecn-0_run-1,0,cubic,,red,80ms,0,1,40s,50Mbps,34.53498986666667,7.011216000000001,48.1894,nan,80.49231,81.691895,0.28151948962329865,1.44,5.76,272.13656403269755,8,0,23.15319514274597,e2c9e30c6ebdfd534aa7e30f6324b5674d138b9f
tcp-cubic_queue-red_rtt-80ms_ecn-0_run-2,0,cubic,,red,80ms,0,2,40s,50Mbps,34.508730533333335,7.011216000000001,48.1894,nan,80.49007586206896,81.73828,0.2820417997122939,1.44,5.76,272.14964545454546,8,0,23.133311986923218,e2c9e30c6ebdfd534aa7e30f6324b5674d138b9f
tcp-cubic_queue-red_rtt-80ms_ecn-0_run-3,0,cubic,,red,80ms,0,3,40s,50Mbps,34.52572853333333,7.011216000000001,48.1894,nan,80.50838206896552,81.74629,0.2815133649645531,1.44,5.76,272.3574859218892,8,0,23.49173903465271,e2c9e30c6ebdfd534aa7e30f6324b5674d138b9f
tcp-cubic_queue-red_rtt-80ms_ecn-1_run-1,0,cubic,,red,80ms,1,1,40s,50Mbps,34.53576186666667,7.011216000000001,48.1894,nan,80.5096227586207,81.771445,0.28787693859047786,1.44,6.0,265.54163636363637,2,10,23.710312843322754,e2c9e30c6ebdfd534aa7e30f6324b5674d138b9f
tcp-cubic_queue-red_rtt-80ms_ecn-1_run-2,0,cubic,,red,80ms,1,2,40s,50Mbps,34.5284252,7.011216000000001,48.1894,nan,80.51821896551725,81.764875,0.28774569156759744,1.44,6.0,265.70051121076233,3,10,23.39616298675537,e2c9e30c6ebdfd534aa7e30f6324b5674d138b9f
tcp-cubic_queue-red_rtt-80ms_ecn-1_run-3,0,cubic,,red,80ms,1,3,40s,50Mbps,34.514909200000005,7.011216000000001,48.1894,nan,80.49474172413792,81.68724,0.28644704091341583,1.44,6.0,265.4908877665544,3,11,23.306896924972534,e2c9e30c6ebdfd534aa7e30f6324b5674d138b9f
tcp-dctcp_queue-codel_rtt-10ms_ecn-1_run-1,0,dctcp,,codel,10ms,1,1,40s,50Mbps,48.19249333333333,48.1894,48.2213,nan,11.352466551724138,11.753260000000001,0.5878080741806554,1.2,1.92,49.74549807089463,0,10182,37.066609144210815,e2c9e30c6ebdfd534aa7e30f6324b5674d138b9f
tcp-dctcp_queue-codel_rtt-10ms_ecn-1_run-2,0,dctcp,,codel,10ms,1,2,40s,50Mbps,48.19249333333333,48.1894,48.2213,nan,11.352466551724138,11.753260000000001,0.5878080741806554,1.2,1.92,49.74549807089463,0,10182,6368.738662004471,e2c9e30c6ebdfd534aa7e30f6324b5674d138b9f
tcp-dctcp_queue-codel_rtt-10ms_ecn-1_run-3,0,dctcp,,codel,10ms,1,3,40s,50Mbps,48.19249333333333,48.1894,48.2213,nan,11.352466551724138,11.753260000000001,0.5878080741806554,1.2,1.92,49.74549807089463,0,10182,183.80057096481323,e2c9e30c6ebdfd534aa7e30f6324b5674d138b9f
tcp-dctcp_queue-codel_rtt-50ms_ecn-1_run-1,0,dctcp,,codel,50ms,1,1,40s,50Mbps,45.449409333333335,27.83927,48.1894,nan,50.93954724137931,51.738215,0.3213389834999093,0.96,1.68,208.73029604352126,0,2656,31.804867029190063,e2c9e30c6ebdfd534aa7e30f6324b5674d138b9f
tcp-dctcp_queue-codel_rtt-50ms_ecn-1_run-2,0,dctcp,,codel,50ms,1,2,40s,50Mbps,45.449409333333335,27.83927,48.1894,nan,50.93954724137931,51.738215,0.3213389834999093,0.96,1.68,208.73029604352126,0,2656,31.871689081192017,e2c9e30c6ebdfd534aa7e30f6324b5674d138b9f
tcp-dctcp_queue-codel_rtt-50ms_ecn-1_run-3,0,dctcp,,codel,50ms,1,3,40s,50Mbps,45.449409333333335,27.83927,48.1894,nan,50.93954724137931,51.738215,0.3213389834999093,0.96,1.68,208.73029604352126,0,2656,31.66509485244751,e2c9e30c6ebdfd534aa7e30f6324b5674d138b9f
tcp-dctcp_queue-codel_rtt-80ms_ecn-1_run-1,0,dctcp,,codel,80ms,1,1,40s,50Mbps,33.136025866666664,10.825254999999999,48.1894,nan,80.41491068965517,81.51464999999999,0.2316368030184512,0.96,1.68,253.02485403587445,0,798,5772.080562114716,e2c9e30c6ebdfd534aa7e30f6324b5674d138b9f
tcp-dctcp_queue-codel_rtt-80ms_ecn-1_run-2,0,dctcp,,codel,80ms,1,2,40s,50Mbps,33.136025866666664,10.825254999999999,48.1894,nan,80.41491068965517,81.51464999999999,0.2316368030184512,0.96,1.68,253.02485403587445,0,798,23.937400817871094,e2c9e30c6ebdfd534aa7e30f6324b5674d138b9f
tcp-dctcp_queue-codel_rtt-80ms_ecn-1_run-3,0,dctcp,,codel,80ms,1,3,40s,50Mbps,33.136025866666664,10.825254999999999,48.1894,nan,80.41491068965517,81.51464999999999,0.2316368030184512,0.96,1.68,253.02485403587445,0,798,24.532278060913086,e2c9e30c6ebdfd534aa7e30f6324b5674d138b9f
tcp-dctcp_queue-fq_rtt-10ms_ecn-1_run-1,0,dctcp,,fq,10ms,1,1,40s,50Mbps,48.19249333333333,48.1894,48.2213,nan,10.755811034482758,10.969595,0.5889979275696545,1.2,1.92,49.74875675018244,0,10113,4920.916210889816,e2c9e30c6ebdfd534aa7e30f6324b5674d138b9f
tcp-dctcp_queue-fq_rtt-10ms_ecn-1_run-2,0,dctcp,,fq,10ms,1,2,40s,50Mbps,48.19249333333333,48.1894,48.2213,nan,10.755811034482758,10.969595,0.5889979275696545,1.2,1.92,49.74875675018244,0,10113,38.49999690055847,e2c9e30c6ebdfd534aa7e30f6324b5674d138b9f
tcp-dctcp_queue-fq_rtt-10ms_ecn-1_run-3,0,dctcp,,fq,10ms,1,3,40s,50Mbps,48.19249333333333,48.1894,48.2213,nan,10.755811034482758,10.969595,0.5889979275696545,1.2,1.92,49.74875675018244,0,10113,38.16096496582031,e2c9e30c6ebdfd534aa7e30f6324b5674d138b9f
tcp-dctcp_queue-fq_rtt-50ms_ecn-1_run-1,0,dctcp,,fq,50ms,1,1,40s,50Mbps,45.447480666666664,27.83927,48.1894,nan,50.59912310344827,50.96064,0.32311737981022776,0.96,1.68,208.70812603960397,0,2741,3760.613680124283,e2c9e30c6ebdfd534aa7e30f6324b5674d138b9f
tcp-dctcp_queue-fq_rtt-50ms_ecn-1_run-2,0,dctcp,,fq,50ms,1,2,40s,50Mbps,45.447480666666664,27.83927,48.1894,nan,50.59912310344827,50.96064,0.32311737981022776,0.96,1.68,208.70812603960397,0,2741,32.58281874656677,e2c9e30c6ebdfd534aa7e30f6324b5674d138b9f
tcp-dctcp_queue-fq_rtt-50ms_ecn-1_run-3,0,dctcp,,fq,50ms,1,3,40s,50Mbps,45.447480666666664,27.83927,48.1894,nan,50.59912310344827,50.96064,0.32311737981022776,0.96,1.68,208.70812603960397,0,2741,32.546262979507446,e2c9e30c6ebdfd534aa7e30f6324b5674d138b9f
tcp-dctcp_queue-fq_rtt-80ms_ecn-1_run-1,0,dctcp,,fq,80ms,1,1,40s,50Mbps,33.11208653333333,10.825254999999999,48.1894,nan,80.30555137931034,80.819755,0.21824188974202532,0.96,1.68,252.05783724604964,0,928,1675.6387252807617,e2c9e30c6ebdfd534aa7e30f6324b5674d138b9f
tcp-dctcp_queue-fq_rtt-80ms_ecn-1_run-2,0,dctcp,,fq,80ms,1,2,40s,50Mbps,33.11208653333333,10.825254999999999,48.1894,nan,80.30555137931034,80.819755,0.21824188974202532,0.96,1.68,252.05783724604964,0,928,23.565697193145752,e2c9e30c6ebdfd534aa7e30f6324b5674d138b9f
tcp-dctcp_queue-fq_rtt-80ms_ecn-1_run-3,0,dctcp,,fq,80ms,1,3,40s,50Mbps,33.11208653333333,10.825254999999999,48.1894,nan,80.30555137931034,80.819755,0.21824188974202532,0.96,1.68,252.05783724604964,0,928,23.47622799873352,e2c9e30c6ebdfd534aa7e30f6324b5674d138b9f
tcp-dctcp_queue-pie_rtt-10ms_ecn-1_run-1,0,dctcp,,pie,10ms,1,1,40s,50Mbps,46.194295200000006,0.0,255.84405000000004,nan,13.797193728222997,15.29037,3.246800397751542,5.28,6.0,50.427593565683644,915,0,335.6748616695404,e2c9e30c6ebdfd534aa7e30f6324b5674d138b9f
tcp-dctcp_queue-pie_rtt-10ms_ecn-1_run-2,0,dctcp,,pie,10ms,1,2,40s,50Mbps,46.194295200000006,0.0,255.84405000000004,nan,13.797193728222997,15.29037,3.246800397751542,5.28,6.0,50.427593565683644,915,0,104.95448803901672,e2c9e30c6ebdfd534aa7e30f6324b5674d138b9f
tcp-dctcp_queue-pie_rtt-10ms_ecn-1_run-3,0,dctcp,,pie,10ms,1,3,40s,50Mbps,46.194295200000006,0.0,255.84405000000004,nan,13.797193728222997,15.29037,3.246800397751542,5.28,6.0,50.427593565683644,915,0,103.82839703559875,e2c9e30c6ebdfd534aa7e30f6324b5674d138b9f
tcp-dctcp_queue-pie_rtt-50ms_ecn-1_run-1,0,dctcp,,pie,50ms,1,1,40s,50Mbps,22.361366133333334,0.0,109.1326,nan,50.70133484320558,55.42747,1.2106250033483867,5.52,6.0,77.63042751842752,623,0,28.029245853424072,e2c9e30c6ebdfd534aa7e30f6324b5674d138b9f
tcp-dctcp_queue-pie_rtt-50ms_ecn-1_run-2,0,dctcp,,pie,50ms,1,2,40s,50Mbps,22.361366133333334,0.0,109.1326,nan,50.70133484320558,55.42747,1.2106250033483867,5.52,6.0,77.63042751842752,623,0,190.2957181930542,e2c9e30c6ebdfd534aa7e30f6324b5674d138b9f
tcp-dctcp_queue-pie_rtt-50ms_ecn-1_run-3,0,dctcp,,pie,50ms,1,3,40s,50Mbps,22.361366133333334,0.0,109.1326,nan,50.70133484320558,55.42747,1.2106250033483867,5.52,6.0,77.63042751842752,623,0,28.189573764801025,e2c9e30c6ebdfd534aa7e30f6324b5674d138b9f
tcp-dctcp_queue-pie_rtt-80ms_ecn-1_run-1,0,dctcp,,pie,80ms,1,1,40s,50Mbps,26.922373866666668,0.0,48.1894,nan,80.69146366782006,85.19811999999999,0.8118468139760868,5.30048,6.0,156.94801242236025,116,0,22.759568214416504,e2c9e30c6ebdfd534aa7e30f6324b5674d138b9f
tcp-dctcp_queue-pie_rtt-80ms_ecn-1_run-2,0,dctcp,,pie,80ms,1,2,40s,50Mbps,26.922373866666668,0.0,48.1894,nan,80.69146366782006,85.19811999999999,0.8118468139760868,5.30048,6.0,156.94801242236025,116,0,22.764102935791016,e2c9e30c6ebdfd534aa7e30f6324b5674d138b9f
tcp-dctcp_queue-pie_rtt-80ms_ecn-1_run-3,0,dctcp,,pie,80ms,1,3,40s,50Mbps,26.922373866666668,0.0,48.1894,nan,80.69146366782006,85.19811999999999,0.8118468139760868,5.30048,6.0,156.94801242236025,116,0,22.839188814163208,e2c9e30c6ebdfd534aa7e30f6324b5674d138b9f
tcp-dctcp_queue-red_rtt-10ms_ecn-1_run-1,0,dctcp,,red,10ms,1,1,40s,50Mbps,48.192879999999995,48.1894,48.2474,nan,14.582826545454546,15.372489999999999,3.8554912546318687,4.8,5.76,62.458536217725054,15,6118,36.791796922683716,e2c9e30c6ebdfd534aa7e30f6324b5674d138b9f
tcp-dctcp_queue-red_rtt-10ms_ecn-1_run-2,0,dctcp,,red,10ms,1,2,40s,50Mbps,48.193266666666666,48.1894,48.2474,nan,14.592872180451128,15.285825,3.8719353542589428,4.56,5.52,62.562013380035026,24,5909,36.599271059036255,e2c9e30c6ebdfd534aa7e30f6324b5674d138b9f
tcp-dctcp_queue-red_rtt-10ms_ecn-1_run-3,0,dctcp,,red,10ms,1,3,40s,50Mbps,48.192879999999995,48.1894,48.2474,nan,14.588928673835126,15.32348,3.8634494383244062,4.56,5.76,62.516303686797755,11,5860,36.569931983947754,e2c9e30c6ebdfd534aa7e30f6324b5674d138b9f
tcp-dctcp_queue-red_rtt-50ms_ecn-1_run-1,0,dctcp,,red,50ms,1,1,40s,50Mbps,46.95455466666667,36.906615,48.2213,nan,53.51407282229965,54.63173999999999,2.830912736209766,3.84,4.58048,221.17472714870397,3,1201,33.3282949924469,e2c9e30c6ebdfd534aa7e30f6324b5674d138b9f
tcp-dctcp_queue-red_rtt-50ms_ecn-1_run-2,0,dctcp,,red,50ms,1,2,40s,50Mbps,46.954167999999996,36.906615,48.1894,nan,53.53002249134948,54.69926,2.8513772542027715,3.84,4.56,221.28241746248293,1,1202,33.213655948638916,e2c9e30c6ebdfd534aa7e30f6324b5674d138b9f
tcp-dctcp_queue-red_rtt-50ms_ecn-1_run-3,0,dctcp,,red,50ms,1,3,40s,50Mbps,46.95455466666667,36.906615,48.2213,nan,53.53884791666667,54.6595,2.830682825421102,3.84,4.58048,221.1733632653061,2,1195,33.183111906051636,e2c9e30c6ebdfd534aa7e30f6324b5674d138b9f
tcp-dctcp_queue-red_rtt-80ms_ecn-1_run-1,0,dctcp,,red,80ms,1,1,40s,50Mbps,35.159751199999995,12.982775,48.1894,nan,81.07520657439447,83.56222,1.1014475584260517,3.12,3.84,258.9324925373134,1,249,24.616107940673828,e2c9e30c6ebdfd534aa7e30f6324b5674d138b9f
tcp-dctcp_queue-red_rtt-80ms_ecn-1_run-2,0,dctcp,,red,80ms,1,2,40s,50Mbps,35.159751199999995,12.982775,48.1894,nan,81.06639688581315,83.71719999999999,1.090070403317286,3.12,3.84,259.1001910669975,1,246,24.571120023727417,e2c9e30c6ebdfd534aa7e30f6324b5674d138b9f
tcp-dctcp_queue-red_rtt-80ms_ecn-1_run-3,0,dctcp,,red,80ms,1,3,40s,50Mbps,35.159751199999995,12.982775,48.1894,nan,81.10314,84.050955,1.1289915119674356,3.6,4.32,259.0066815920398,0,273,24.4388370513916,e2c9e30c6ebdfd534aa7e30f6324b5674d138b9f
tcp-reno_queue-codel_rtt-10ms_ecn-0_run-1,0,reno,,codel,10ms,0,1,40s,50Mbps,47.82992866666667,47.3206,48.1894,nan,13.96826724137931,17.37899,3.2343809501587084,6.48,7.22048,60.34321907961034,60,0,29.35443878173828,e2c9e30c6ebdfd534aa7e30f6324b5674d138b9f
tcp-reno_queue-codel_rtt-10ms_ecn-0_run-2,0,reno,,codel,10ms,0,2,40s,50Mbps,47.82992866666667,47.3206,48.1894,nan,13.96826724137931,17.37899,3.2343809501587084,6.48,7.22048,60.34321907961034,60,0,29.442547082901,e2c9e30c6ebdfd534aa7e30f6324b5674d138b9f
tcp-reno_queue-codel_rtt-10ms_ecn-0_run-3,0,reno,,codel,10ms,0,3,40s,50Mbps,47.82992866666667,47.3206,48.1894,nan,13.96826724137931,17.37899,3.2343809501587084,6.48,7.22048,60.34321907961034,60,0,29.199093103408813,e2c9e30c6ebdfd534aa7e30f6324b5674d138b9f
tcp-reno_queue-codel_rtt-10ms_ecn-1_run-1,0,reno,,codel,10ms,1,1,40s,50Mbps,47.618714,46.6835,48.1894,nan,13.756062068965516,17.29388,3.1176725009764352,6.48,7.44,56.136814910693026,0,58,28.679865837097168,e2c9e30c6ebdfd534aa7e30f6324b5674d138b9f
tcp-reno_queue-codel_rtt-10ms_ecn-1_run-2,0,reno,,codel,10ms,1,2,40s,50Mbps,47.618714,46.6835,48.1894,nan,13.756062068965516,17.29388,3.1176725009764352,6.48,7.44,56.136814910693026,0,58,28.723829984664917,e2c9e30c6ebdfd534aa7e30f6324b5674d138b9f
tcp-reno_queue-codel_rtt-10ms_ecn-1_run-3,0,reno,,codel,10ms,1,3,40s,50Mbps,47.618714,46.6835,48.1894,nan,13.756062068965516,17.29388,3.1176725009764352,6.48,7.44,56.136814910693026,0,58,28.779480934143066,e2c9e30c6ebdfd534aa7e30f6324b5674d138b9f
tcp-reno_queue-codel_rtt-50ms_ecn-0_run-1,0,reno,,codel,50ms,0,1,40s,50Mbps,40.17716933333333,28.922365,48.1894,nan,51.08217034482759,55.282675,0.8242021217261305,4.56,6.0,178.995190397351,5,0,26.099853038787842,e2c9e30c6ebdfd534aa7e30f6324b5674d138b9f
tcp-reno_queue-codel_rtt-50ms_ecn-0_run-2,0,reno,,codel,50ms,0,2,40s,50Mbps,40.17716933333333,28.922365,48.1894,nan,51.08217034482759,55.282675,0.8242021217261305,4.56,6.0,178.995190397351,5,0,25.41466188430786,e2c9e30c6ebdfd534aa7e30f6324b5674d138b9f
tcp-reno_queue-codel_rtt-50ms_ecn-0_run-3,0,reno,,codel,50ms,0,3,40s,50Mbps,40.17716933333333,28.922365,48.1894,nan,51.08217034482759,55.282675,0.8242021217261305,4.56,6.0,178.995190397351,5,0,25.202922821044922,e2c9e30c6ebdfd534aa7e30f6324b5674d138b9f
tcp-reno_queue-codel_rtt-50ms_ecn-1_run-1,0,reno,,codel,50ms,1,1,40s,50Mbps,40.113842,28.5227,48.1894,nan,51.09189,55.28511,0.8276454951389155,4.56,6.02048,179.1120011148272,0,5,24.85662603378296,e2c9e30c6ebdfd534aa7e30f6324b5674d138b9f
tcp-reno_queue-codel_rtt-50ms_ecn-1_run-2,0,reno,,codel,50ms,1,2,40s,50Mbps,40.113842,28.5227,48.1894,nan,51.09189,55.28511,0.8276454951389155,4.56,6.02048,179.1120011148272,0,5,24.88382625579834,e2c9e30c6ebdfd534aa7e30f6324b5674d138b9f
tcp-reno_queue-codel_rtt-50ms_ecn-1_run-3,0,reno,,codel,50ms,1,3,40s,50Mbps,40.113842,28.5227,48.1894,nan,51.09189,55.28511,0.8276454951389155,4.56,6.02048,179.1120011148272,0,5,24.840713024139404,e2c9e30c6ebdfd534aa7e30f6324b5674d138b9f
tcp-reno_queue-codel_rtt-80ms_ecn-0_run-1,0,reno,,codel,80ms,0,1,40s,50Mbps,38.861612666666666,26.463655,48.1894,nan,80.73339724137931,84.36951,0.5749750237717908,4.08,6.0,272.6190797297297,2,0,24.721065998077393,e2c9e30c6ebdfd534aa7e30f6324b5674d138b9f
tcp-reno_queue-codel_rtt-80ms_ecn-0_run-2,0,reno,,codel,80ms,0,2,40s,50Mbps,38.861612666666666,26.463655,48.1894,nan,80.73339724137931,84.36951,0.5749750237717908,4.08,6.0,272.6190797297297,2,0,24.61322808265686,e2c9e30c6ebdfd534aa7e30f6324b5674d138b9f
tcp-reno_queue-codel_rtt-80ms_ecn-0_run-3,0,reno,,codel,80ms,0,3,40s,50Mbps,38.861612666666666,26.463655,48.1894,nan,80.73339724137931,84.36951,0.5749750237717908,4.08,6.0,272.6190797297297,2,0,24.78960108757019,e2c9e30c6ebdfd534aa7e30f6324b5674d138b9f
tcp-reno_queue-codel_rtt-80ms_ecn-1_run-1,0,reno,,codel,80ms,1,1,40s,50Mbps,38.654646,26.032155,48.1894,nan,80.70685172413793,84.27007,0.5789304125959785,4.08,6.24,272.5063974820144,0,2,24.74156904220581,e2c9e30c6ebdfd534aa7e30f6324b5674d138b9f
tcp-reno_queue-codel_rtt-80ms_ecn-1_run-2,0,reno,,codel,80ms,1,2,40s,50Mbps,38.654646,26.032155,48.1894,nan,80.70685172413793,84.27007,0.5789304125959785,4.08,6.24,272.5063974820144,0,2,24.49055576324463,e2c9e30c6ebdfd534aa7e30f6324b5674d138b9f
tcp-reno_queue-codel_rtt-80ms_ecn-1_run-3,0,reno,,codel,80ms,1,3,40s,50Mbps,38.654646,26.032155,48.1894,nan,80.70685172413793,84.27007,0.5789304125959785,4.08,6.24,272.5063974820144,0,2,24.58716320991516,e2c9e30c6ebdfd534aa7e30f6324b5674d138b9f
tcp-reno_queue-fq_rtt-10ms_ecn-0_run-1,0,reno,,fq,10ms,0,1,40s,50Mbps,47.61832666666667,46.6835,48.1894,nan,10.708477931034482,10.953255,3.120346243582395,6.48,7.44,56.23490442137915,0,58,934.0810251235962,e2c9e30c6ebdfd534aa7e30f6324b5674d138b9f
tcp-reno_queue-fq_rtt-10ms_ecn-0_run-2,0,reno,,fq,10ms,0,2,40s,50Mbps,47.61832666666667,46.6835,48.1894,nan,10.708477931034482,10.953255,3.120346243582395,6.48,7.44,56.23490442137915,0,58,927.3804380893707,e2c9e30c6ebdfd534aa7e30f6324b5674d138b9f
tcp-reno_queue-fq_rtt-10ms_ecn-0_run-3,0,reno,,fq,10ms,0,3,40s,50Mbps,47.61832666666667,46.6835,48.1894,nan,10.708477931034482,10.953255,3.120346243582395,6.48,7.44,56.23490442137915,0,58,28.09301996231079,e2c9e30c6ebdfd534aa7e30f6324b5674d138b9f
tcp-reno_queue-fq_rtt-10ms_ecn-1_run-1,0,reno,,fq,10ms,1,1,40s,50Mbps,47.61832666666667,46.6835,48.1894,nan,10.708477931034482,10.953255,3.120346243582395,6.48,7.44,56.23490442137915,0,58,926.9166572093964,e2c9e30c6ebdfd534aa7e30f6324b5674d138b9f
tcp-reno_queue-fq_rtt-10ms_ecn-1_run-2,0,reno,,fq,10ms,1,2,40s,50Mbps,47.61832666666667,46.6835,48.1894,nan,10.708477931034482,10.953255,3.120346243582395,6.48,7.44,56.23490442137915,0,58,27.747870206832886,e2c9e30c6ebdfd534aa7e30f6324b5674d138b9f
tcp-reno_queue-fq_rtt-10ms_ecn-1_run-3,0,reno,,fq,10ms,1,3,40s,50Mbps,47.61832666666667,46.6835,48.1894,nan,10.708477931034482,10.953255,3.120346243582395,6.48,7.44,56.23490442137915,0,58,27.798669815063477,e2c9e30c6ebdfd534aa7e30f6324b5674d138b9f
tcp-reno_queue-fq_rtt-50ms_ecn-0_run-1,0,reno,,fq,50ms,0,1,40s,50Mbps,40.11268333333334,28.548755,48.1894,nan,50.43153,50.910174999999995,0.8274692478241656,4.56,6.24,179.1120011148272,0,5,923.3772578239441,e2c9e30c6ebdfd534aa7e30f6324b5674d138b9f
tcp-reno_queue-fq_rtt-50ms_ecn-0_run-2,0,reno,,fq,50ms,0,2,40s,50Mbps,40.11268333333334,28.548755,48.1894,nan,50.43153,50.910174999999995,0.8274692478241656,4.56,6.24,179.1120011148272,0,5,24.895759105682373,e2c9e30c6ebdfd534aa7e30f6324b5674d138b9f
tcp-reno_queue-fq_rtt-50ms_ecn-0_run-3,0,reno,,fq,50ms,0,3,40s,50Mbps,40.11268333333334,28.548755,48.1894,nan,50.43153,50.910174999999995,0.8274692478241656,4.56,6.24,179.1120011148272,0,5,24.330034017562866,e2c9e30c6ebdfd534aa7e30f6324b5674d138b9f
tcp-reno_queue-fq_rtt-50ms_ecn-1_run-1,0,reno,,fq,50ms,1,1,40s,50Mbps,40.11268333333334,28.548755,48.1894,nan,50.43153,50.910174999999995,0.8274692478241656,4.56,6.24,179.1120011148272,0,5,23.970762014389038,e2c9e30c6ebdfd534aa7e30f6324b5674d138b9f
tcp-reno_queue-fq_rtt-50ms_ecn-1_run-2,0,reno,,fq,50ms,1,2,40s,50Mbps,40.11268333333334,28.548755,48.1894,nan,50.43153,50.910174999999995,0.8274692478241656,4.56,6.24,179.1120011148272,0,5,23.87566113471985,e2c9e30c6ebdfd534aa7e30f6324b5674d138b9f
tcp-reno_queue-fq_rtt-50ms_ecn-1_run-3,0,reno,,fq,50ms,1,3,40s,50Mbps,40.11268333333334,28.548755,48.1894,nan,50.43153,50.910174999999995,0.8274692478241656,4.56,6.24,179.1120011148272,0,5,24.144107818603516,e2c9e30c6ebdfd534aa7e30f6324b5674d138b9f
tcp-reno_queue-fq_rtt-80ms_ecn-0_run-1,0,reno,,fq,80ms,0,1,40s,50Mbps,38.656188666666665,26.090055,48.1894,nan,80.33221793103448,80.788645,0.579018041965006,4.08,6.24,272.5063974820144,0,2,23.59158205986023,e2c9e30c6ebdfd534aa7e30f6324b5674d138b9f
tcp-reno_queue-fq_rtt-80ms_ecn-0_run-2,0,reno,,fq,80ms,0,2,40s,50Mbps,38.656188666666665,26.090055,48.1894,nan,80.33221793103448,80.788645,0.579018041965006,4.08,6.24,272.5063974820144,0,2,23.848639965057373,e2c9e30c6ebdfd534aa7e30f6324b5674d138b9f
tcp-reno_queue-fq_rtt-80ms_ecn-0_run-3,0,reno,,fq,80ms,0,3,40s,50Mbps,38.656188666666665,26.090055,48.1894,nan,80.33221793103448,80.788645,0.579018041965006,4.08,6.24,272.5063974820144,0,2,23.81544780731201,e2c9e30c6ebdfd534aa7e30f6324b5674d138b9f
tcp-reno_queue-fq_rtt-80ms_ecn-1_run-1,0,reno,,fq,80ms,1,1,40s,50Mbps,38.656188666666665,26.090055,48.1894,nan,80.33221793103448,80.788645,0.579018041965006,4.08,6.24,272.5063974820144,0,2,23.639648914337158,e2c9e30c6ebdfd534aa7e30f6324b5674d138b9f
tcp-reno_queue-fq_rtt-80ms_ecn-1_run-2,0,reno,,fq,80ms,1,2,40s,50Mbps,38.656188666666665,26.090055,48.1894,nan,80.33221793103448,80.788645,0.579018041965006,4.08,6.24,272.5063974820144,0,2,23.67387819290161,e2c9e30c6ebdfd534aa7e30f6324b5674d138b9f
tcp-reno_queue-fq_rtt-80ms_ecn-1_run-3,0,reno,,fq,80ms,1,3,40s,50Mbps,38.656188666666665,26.090055,48.1894,nan,80.33221793103448,80.788645,0.579018041965006,4.08,6.24,272.5063974820144,0,2,23.412912845611572,e2c9e30c6ebdfd534aa7e30f6324b5674d138b9f
tcp-reno_queue-pie_rtt-10ms_ecn-0_run-1,0,reno,,pie,10ms,0,1,40s,50Mbps,42.731434,31.766255,48.1894,nan,12.240000344827587,16.007795,2.032153049238163,5.52,6.0,49.797248077500754,118,0,24.606020212173462,e2c9e30c6ebdfd534aa7e30f6324b5674d138b9f
tcp-reno_queue-pie_rtt-10ms_ecn-0_run-2,0,reno,,pie,10ms,0,2,40s,50Mbps,42.731434,31.766255,48.1894,nan,12.240000344827587,16.007795,2.032153049238163,5.52,6.0,49.797248077500754,118,0,24.44012475013733,e2c9e30c6ebdfd534aa7e30f6324b5674d138b9f
tcp-reno_queue-pie_rtt-10ms_ecn-0_run-3,0,reno,,pie,10ms,0,3,40s,50Mbps,42.731434,31.766255,48.1894,nan,12.240000344827587,16.007795,2.032153049238163,5.52,6.0,49.797248077500754,118,0,24.44548463821411,e2c9e30c6ebdfd534aa7e30f6324b5674d138b9f
tcp-reno_queue-pie_rtt-10ms_ecn-1_run-1,0,reno,,pie,10ms,1,1,40s,50Mbps,42.731434,31.766255,48.1894,nan,12.240000344827587,16.007795,2.032153049238163,5.52,6.0,49.797248077500754,118,0,24.386645078659058,e2c9e30c6ebdfd534aa7e30f6324b5674d138b9f
tcp-reno_queue-pie_rtt-10ms_ecn-1_run-2,0,reno,,pie,10ms,1,2,40s,50Mbps,42.731434,31.766255,48.1894,nan,12.240000344827587,16.007795,2.032153049238163,5.52,6.0,49.797248077500754,118,0,24.402946949005127,e2c9e30c6ebdfd534aa7e30f6324b5674d138b9f
tcp-reno_queue-pie_rtt-10ms_ecn-1_run-3,0,reno,,pie,10ms,1,3,40s,50Mbps,42.731434,31.766255,48.1894,nan,12.240000344827587,16.007795,2.032153049238163,5.52,6.0,49.797248077500754,118,0,24.45521306991577,e2c9e30c6ebdfd534aa7e30f6324b5674d138b9f
tcp-reno_queue-pie_rtt-50ms_ecn-0_run-1,0,reno,,pie,50ms,0,1,40s,50Mbps,39.977536,29.026630000000004,48.1894,nan,50.89516505190311,55.11525999999999,0.8040235976024934,4.56,6.0,179.518394106814,5,0,21.21356201171875,e2c9e30c6ebdfd534aa7e30f6324b5674d138b9f
tcp-reno_queue-pie_rtt-50ms_ecn-0_run-2,0,reno,,pie,50ms,0,2,40s,50Mbps,39.977536,29.026630000000004,48.1894,nan,50.89516505190311,55.11525999999999,0.8040235976024934,4.56,6.0,179.518394106814,5,0,21.166202306747437,e2c9e30c6ebdfd534aa7e30f6324b5674d138b9f
tcp-reno_queue-pie_rtt-50ms_ecn-0_run-3,0,reno,,pie,50ms,0,3,40s,50Mbps,39.977536,29.026630000000004,48.1894,nan,50.89516505190311,55.11525999999999,0.8040235976024934,4.56,6.0,179.518394106814,5,0,21.312519073486328,e2c9e30c6ebdfd534aa7e30f6324b5674d138b9f
tcp-reno_queue-pie_rtt-50ms_ecn-1_run-1,0,reno,,pie,50ms,1,1,40s,50Mbps,39.977536,29.026630000000004,48.1894,nan,50.89516505190311,55.11525999999999,0.8040235976024934,4.56,6.0,179.518394106814,5,0,21.29304003715515,e2c9e30c6ebdfd534aa7e30f6324b5674d138b9f
tcp-reno_queue-pie_rtt-50ms_ecn-1_run-2,0,reno,,pie,50ms,1,2,40s,50Mbps,39.977536,29.026630000000004,48.1894,nan,50.89516505190311,55.11525999999999,0.8040235976024934,4.56,6.0,179.518394106814,5,0,21.312707901000977,e2c9e30c6ebdfd534aa7e30f6324b5674d138b9f
tcp-reno_queue-pie_rtt-50ms_ecn-1_run-3,0,reno,,pie,50ms,1,3,40s,50Mbps,39.977536,29.026630000000004,48.1894,nan,50.89516505190311,55.11525999999999,0.8040235976024934,4.56,6.0,179.518394106814,5,0,21.42278790473938,e2c9e30c6ebdfd534aa7e30f6324b5674d138b9f
tcp-reno_queue-pie_rtt-80ms_ecn-0_run-1,0,reno,,pie,80ms,0,1,40s,50Mbps,28.797048,13.11884,48.1894,nan,80.44556862068966,82.51811000000001,0.44851947581986296,3.36,6.0,212.90232054794518,2,0,15.150959253311157,e2c9e30c6ebdfd534aa7e30f6324b5674d138b9f
tcp-reno_queue-pie_rtt-80ms_ecn-0_run-2,0,reno,,pie,80ms,0,2,40s,50Mbps,28.797048,13.11884,48.1894,nan,80.44556862068966,82.51811000000001,0.44851947581986296,3.36,6.0,212.90232054794518,2,0,15.243590116500854,e2c9e30c6ebdfd534aa7e30f6324b5674d138b9f
tcp-reno_queue-pie_rtt-80ms_ecn-0_run-3,0,reno,,pie,80ms,0,3,40s,50Mbps,28.797048,13.11884,48.1894,nan,80.44556862068966,82.51811000000001,0.44851947581986296,3.36,6.0,212.90232054794518,2,0,15.243479013442993,e2c9e30c6ebdfd534aa7e30f6324b5674d138b9f
tcp-reno_queue-pie_rtt-80ms_ecn-1_run-1,0,reno,,pie,80ms,1,1,40s,50Mbps,28.797048,13.11884,48.1894,nan,80.44556862068966,82.51811000000001,0.44851947581986296,3.36,6.0,212.90232054794518,2,0,15.39314889907837,e2c9e30c6ebdfd534aa7e30f6324b5674d138b9f
tcp-reno_queue-pie_rtt-80ms_ecn-1_run-2,0,reno,,pie,80ms,1,2,40s,50Mbps,28.797048,13.11884,48.1894,nan,80.44556862068966,82.51811000000001,0.44851947581986296,3.36,6.0,212.90232054794518,2,0,15.269615173339844,e2c9e30c6ebdfd534aa7e30f6324b5674d138b9f
tcp-reno_queue-pie_rtt-80ms_ecn-1_run-3,0,reno,,pie,80ms,1,3,40s,50Mbps,28.797048,13.11884,48.1894,nan,80.44556862068966,82.51811000000001,0.44851947581986296,3.36,6.0,212.90232054794518,2,0,15.229047060012817,e2c9e30c6ebdfd534aa7e30f6324b5674d138b9f
tcp-reno_queue-red_rtt-10ms_ecn-0_run-1,0,reno,,red,10ms,0,1,40s,50Mbps,46.082308,44.2509,48.1894,nan,11.853456551724138,14.35838,1.361351901188347,3.6,4.34048,52.064174162555176,84,0,26.110664129257202,e2c9e30c6ebdfd534aa7e30f6324b5674d138b9f
tcp-reno_queue-red_rtt-10ms_ecn-0_run-2,0,reno,,red,10ms,0,2,40s,50Mbps,46.071493333333336,44.2509,48.1894,nan,11.849615862068966,14.295485,1.3589136934670216,3.6,4.56,52.079981887920944,84,0,26.07104516029358,e2c9e30c6ebdfd534aa7e30f6324b5674d138b9f
tcp-reno_queue-red_rtt-10ms_ecn-0_run-3,0,reno,,red,10ms,0,3,40s,50Mbps,46.07613466666666,44.2509,48.1894,nan,11.924156551724138,14.318895000000001,1.3598704519278186,3.6,4.34048,52.08296773648649,84,0,26.057003021240234,e2c9e30c6ebdfd534aa7e30f6324b5674d138b9f
tcp-reno_queue-red_rtt-10ms_ecn-1_run-1,0,reno,,red,10ms,1,1,40s,50Mbps,45.208101066666664,42.6291,48.1894,nan,11.720386206896551,14.281065000000002,1.280123537144132,3.6,4.56,47.21966430976431,0,79,25.57791304588318,e2c9e30c6ebdfd534aa7e30f6324b5674d138b9f
tcp-reno_queue-red_rtt-10ms_ecn-1_run-2,0,reno,,red,10ms,1,2,40s,50Mbps,45.210806133333335,42.6291,48.1894,nan,11.68785448275862,14.244965,1.2834960515827902,3.6,4.56,47.21047981576862,0,78,25.73118281364441,e2c9e30c6ebdfd534aa7e30f6324b5674d138b9f
tcp-reno_queue-red_rtt-10ms_ecn-1_run-3,0,reno,,red,10ms,1,3,40s,50Mbps,45.2687224,42.6291,48.1894,nan,11.749236896551723,14.259694999999999,1.2914947735705167,3.6,4.34048,47.22678518584421,0,79,25.116912841796875,e2c9e30c6ebdfd534aa7e30f6324b5674d138b9f
tcp-reno_queue-red_rtt-50ms_ecn-0_run-1,0,reno,,red,50ms,0,1,40s,50Mbps,37.861524,27.6278,48.1894,nan,50.497531379310345,52.134615,0.25957422440569233,1.44,2.88,168.656200505476,5,0,20.014573097229004,e2c9e30c6ebdfd534aa7e30f6324b5674d138b9f
tcp-reno_queue-red_rtt-50ms_ecn-0_run-2,0,reno,,red,50ms,0,2,40s,50Mbps,34.27628266666667,17.32966,48.1894,nan,50.40686275862069,51.669955,0.23495734116223305,1.2,2.88,151.5211716282895,6,0,18.20793890953064,e2c9e30c6ebdfd534aa7e30f6324b5674d138b9f
tcp-reno_queue-red_rtt-50ms_ecn-0_run-3,0,reno,,red,50ms,0,3,40s,50Mbps,37.83179666666667,27.558365000000002,48.1894,nan,50.465046896551726,52.012625,0.2552362849076914,1.44,2.88,168.86132407407408,5,0,20.065600872039795,e2c9e30c6ebdfd534aa7e30f6324b5674d138b9f
tcp-reno_queue-red_rtt-50ms_ecn-1_run-1,0,reno,,red,50ms,1,1,40s,50Mbps,37.732948,27.132655,48.1894,nan,50.49215862068966,52.118995,0.2626279502067926,1.44,3.12,168.2674159192825,0,8,20.029459953308105,e2c9e30c6ebdfd534aa7e30f6324b5674d138b9f
tcp-reno_queue-red_rtt-50ms_ecn-1_run-2,0,reno,,red,50ms,1,2,40s,50Mbps,37.68738333333334,27.147075,48.1894,nan,50.468651034482754,52.02311,0.2532373839481606,1.44,3.12,167.96741163310963,0,7,20.078070878982544,e2c9e30c6ebdfd534aa7e30f6324b5674d138b9f
tcp-reno_queue-red_rtt-50ms_ecn-1_run-3,0,reno,,red,50ms,1,3,40s,50Mbps,37.70089933333333,27.147075,48.1894,nan,50.46027275862069,52.056065000000004,0.25841726163413015,1.44,3.12,168.06680627099664,0,5,19.86763596534729,e2c9e30c6ebdfd534aa7e30f6324b5674d138b9f
tcp-reno_queue-red_rtt-80ms_ecn-0_run-1,0,reno,,red,80ms,0,1,40s,50Mbps,31.193007333333334,14.12671,46.68929,nan,80.26242137931035,80.66723,0.16103157219303724,0.24,2.64,233.1741715328467,2,0,16.369557857513428,e2c9e30c6ebdfd534aa7e30f6324b5674d138b9f
tcp-reno_queue-red_rtt-80ms_ecn-0_run-2,0,reno,,red,80ms,0,2,40s,50Mbps,31.279500000000002,14.12671,46.637179999999994,nan,80.26738034482759,80.67781,0.15991014445326332,0.24,2.4,233.02645802919707,1,0,16.542550086975098,e2c9e30c6ebdfd534aa7e30f6324b5674d138b9f
tcp-reno_queue-red_rtt-80ms_ecn-0_run-3,0,reno,,red,80ms,0,3,40s,50Mbps,31.279500000000002,14.12671,46.637179999999994,nan,80.26738034482759,80.67781,0.15991014445326332,0.24,2.4,233.02645802919707,1,0,16.53764295578003,e2c9e30c6ebdfd534aa7e30f6324b5674d138b9f
tcp-reno_queue-red_rtt-80ms_ecn-1_run-1,0,reno,,red,80ms,1,1,40s,50Mbps,31.168681333333335,14.12671,47.05995999999999,nan,80.26230793103448,80.66066000000001,0.16233353170420844,0.24,2.88,227.91775488069416,0,2,16.317692756652832,e2c9e30c6ebdfd534aa7e30f6324b5674d138b9f
tcp-reno_queue-red_rtt-80ms_ecn-1_run-2,0,reno,,red,80ms,1,2,40s,50Mbps,31.196482666666665,14.12671,47.05995999999999,nan,80.26899413793105,80.67772,0.16097768592208048,0.24,2.64,227.58066086956524,0,2,16.377588033676147,e2c9e30c6ebdfd534aa7e30f6324b5674d138b9f
tcp-reno_queue-red_rtt-80ms_ecn-1_run-3,0,reno,,red,80ms,1,3,40s,50Mbps,31.196482666666665,14.12671,47.05995999999999,nan,80.26899413793105,80.67772,0.16097768592208048,0.24,2.64,227.58066086956524,0,2,16.245095252990723,e2c9e30c6ebdfd534aa7e30f6324b5674d138b9f
