run_id,returncode,first_tcp,second_tcp,topology,queue,base_rtt,ecn,rng_run,stop_time,first_start_time,second_start_time,second_start_jitter,link_rate,throughput_mean_mbps,throughput_p05_mbps,throughput_p95_mbps,second_throughput_mean_mbps,total_throughput_mean_mbps,jain_fairness,ping_rtt_mean_ms,ping_rtt_p95_ms,queue_delay_mean_ms,queue_delay_p95_ms,queue_delay_max_ms,cwnd_mean_segments,drop_count,mark_count,elapsed_wall_seconds,git_commit
topology-single-bottleneck_tcp-cubic-vs-dctcp_queue-codel_rtt-10ms_ecn-1_run-1,0,cubic,dctcp,single-bottleneck,codel,10ms,1,1,40s,5s,10s,5s,50Mbps,2.0202496,1.96928,2.08512,46.168037999999996,48.188287599999995,0.5436749897262457,11.289222631578946,11.745305,0.5778104169514695,1.2,1.92,2.5,0,7195,31.68187189102173,e2c9e30c6ebdfd534aa7e30f6324b5674d138b9f
topology-single-bottleneck_tcp-cubic-vs-dctcp_queue-codel_rtt-10ms_ecn-1_run-2,0,cubic,dctcp,single-bottleneck,codel,10ms,1,2,40s,5s,10s,5s,50Mbps,2.0190912,1.966384,2.0880159999999997,46.172098,48.1911892,0.543646218788999,11.312083157894737,11.701699999999999,0.5896161256670064,1.2,1.92,2.5,0,7016,31.867390871047974,e2c9e30c6ebdfd534aa7e30f6324b5674d138b9f
topology-single-bottleneck_tcp-cubic-vs-dctcp_queue-codel_rtt-10ms_ecn-1_run-3,0,cubic,dctcp,single-bottleneck,codel,10ms,1,3,40s,5s,10s,5s,50Mbps,2.0028736,1.91136,2.14304,46.183097,48.1859706,0.5432866960214483,11.33681,11.738195000000001,0.5700775466980085,1.2,1.92,2.5,0,7253,31.742334127426147,e2c9e30c6ebdfd534aa7e30f6324b5674d138b9f
topology-single-bottleneck_tcp-cubic-vs-dctcp_queue-codel_rtt-80ms_ecn-1_run-1,0,cubic,dctcp,single-bottleneck,codel,80ms,1,1,40s,5s,10s,5s,50Mbps,15.274664399999999,4.2223679999999995,27.254255,27.816076,43.0907404,0.9219070106763827,80.42915947368421,81.14598,0.1617081960909965,0.48,2.4,111.50975828402368,0,517,22.955607175827026,e2c9e30c6ebdfd534aa7e30f6324b5674d138b9f
topology-single-bottleneck_tcp-cubic-vs-dctcp_queue-codel_rtt-80ms_ecn-1_run-2,0,cubic,dctcp,single-bottleneck,codel,80ms,1,2,40s,5s,10s,5s,50Mbps,15.918732,3.92408,30.471695000000004,28.098724999999998,44.017457,0.9288781678965806,80.39659052631579,81.226965,0.1638524634491432,0.48,1.92,94.0096991354467,0,768,24.390559196472168,e2c9e30c6ebdfd534aa7e30f6324b5674d138b9f
topology-single-bottleneck_tcp-cubic-vs-dctcp_queue-codel_rtt-80ms_ecn-1_run-3,0,cubic,dctcp,single-bottleneck,codel,80ms,1,3,40s,5s,10s,5s,50Mbps,17.018054,4.978223999999999,30.602069999999998,26.421948,43.440002,0.9552342699033788,80.42722421052632,81.02145,0.15689747692307693,0.48,2.16,109.72525880503144,0,586,23.90231990814209,e2c9e30c6ebdfd534aa7e30f6324b5674d138b9f
topology-single-bottleneck_tcp-cubic-vs-dctcp_queue-fq_rtt-10ms_ecn-1_run-1,0,cubic,dctcp,single-bottleneck,fq,10ms,1,1,40s,5s,10s,5s,50Mbps,4.992704,4.109424000000001,6.48704,43.188633,48.181337,0.6140777478235209,10.771865263157894,10.976685,0.494169734403953,0.96,1.92,6.366725087719298,0,5654,33.50356364250183,e2c9e30c6ebdfd534aa7e30f6324b5674d138b9f
topology-single-bottleneck_tcp-cubic-vs-dctcp_queue-fq_rtt-10ms_ecn-1_run-2,0,cubic,dctcp,single-bottleneck,fq,10ms,1,2,40s,5s,10s,5s,50Mbps,4.7772416,3.970416,6.31328,43.413357999999995,48.1905996,0.6087242815741396,10.778955263157894,10.97455,0.49363734516457813,0.96,2.16,5.335896386554622,0,5663,33.580031871795654,e2c9e30c6ebdfd534aa7e30f6324b5674d138b9f
topology-single-bottleneck_tcp-cubic-vs-dctcp_queue-fq_rtt-10ms_ecn-1_run-3,0,cubic,dctcp,single-bottleneck,fq,10ms,1,3,40s,5s,10s,5s,50Mbps,5.2406016,2.08512,8.346271999999999,42.94305,48.1836516,0.6202452929157257,10.768147894736842,10.962955,0.4854610265758419,0.96,1.92,6.485929352517985,0,5918,33.14999985694885,e2c9e30c6ebdfd534aa7e30f6324b5674d138b9f
topology-single-bottleneck_tcp-cubic-vs-dctcp_queue-fq_rtt-80ms_ecn-1_run-1,0,cubic,dctcp,single-bottleneck,fq,80ms,1,1,40s,5s,10s,5s,50Mbps,15.3968742,3.93856,27.902939999999997,27.6666482,43.0635224,0.9249145740024032,80.41585315789473,80.866575,0.1479668113308391,0.24,2.4,104.00541904761904,0,236,23.809999227523804,e2c9e30c6ebdfd534aa7e30f6324b5674d138b9f
topology-single-bottleneck_tcp-cubic-vs-dctcp_queue-fq_rtt-80ms_ecn-1_run-2,0,cubic,dctcp,single-bottleneck,fq,80ms,1,2,40s,5s,10s,5s,50Mbps,15.7171676,3.5186399999999995,30.471695000000004,28.366314000000003,44.0834816,0.9239305959532386,80.34532947368422,80.74945,0.14970488677245908,0.24,1.68,91.67941858356942,0,243,25.18013596534729,e2c9e30c6ebdfd534aa7e30f6324b5674d138b9f
topology-single-bottleneck_tcp-cubic-vs-dctcp_queue-fq_rtt-80ms_ecn-1_run-3,0,cubic,dctcp,single-bottleneck,fq,80ms,1,3,40s,5s,10s,5s,50Mbps,14.337518600000001,4.57568,24.404589999999995,27.505056399999997,41.842575,0.9098922195064952,80.38409157894736,80.89037,0.15394390602700625,0.48,1.68,99.32837302631579,0,155,22.438963890075684,e2c9e30c6ebdfd534aa7e30f6324b5674d138b9f
topology-single-bottleneck_tcp-cubic-vs-reno_queue-codel_rtt-10ms_ecn-1_run-1,0,cubic,reno,single-bottleneck,codel,10ms,1,1,40s,5s,10s,5s,50Mbps,7.9489396,5.902048000000001,11.297295,40.185471,48.1344106,0.6903581014649275,14.504223684210524,17.613795,3.7768237197387884,6.96,8.18048,12.022004487179487,0,55,36.85065531730652,e2c9e30c6ebdfd534aa7e30f6324b5674d138b9f
topology-single-bottleneck_tcp-cubic-vs-reno_queue-codel_rtt-10ms_ecn-1_run-2,0,cubic,reno,single-bottleneck,codel,10ms,1,2,40s,5s,10s,5s,50Mbps,12.6867958,6.883792,25.316795000000003,35.107628,47.7944238,0.8196291363580609,14.855864736842106,17.613155,4.051286265242231,6.96,8.4,23.624157936507938,0,58,35.963430881500244,e2c9e30c6ebdfd534aa7e30f6324b5674d138b9f
topology-single-bottleneck_tcp-cubic-vs-reno_queue-codel_rtt-10ms_ecn-1_run-3,0,cubic,reno,single-bottleneck,codel,10ms,1,3,40s,5s,10s,5s,50Mbps,7.7948732,6.25536,9.626304000000001,39.941047399999995,47.73592059999999,0.6879990970203184,14.459886315789474,17.7499,3.758905935001494,6.96,8.4,11.19843396226415,0,54,36.239344120025635,e2c9e30c6ebdfd534aa7e30f6324b5674d138b9f
topology-single-bottleneck_tcp-cubic-vs-reno_queue-codel_rtt-80ms_ecn-1_run-1,0,cubic,reno,single-bottleneck,codel,80ms,1,1,40s,5s,10s,5s,50Mbps,28.272488,22.235504999999996,35.363055,17.5080552,45.7805432,0.9476098107367134,81.83806421052631,86.27731,1.3473689029821048,5.52,7.2,194.55400495049506,0,7,34.09948420524597,e2c9e30c6ebdfd534aa7e30f6324b5674d138b9f
topology-single-bottleneck_tcp-cubic-vs-reno_queue-codel_rtt-80ms_ecn-1_run-2,0,cubic,reno,single-bottleneck,codel,80ms,1,2,40s,5s,10s,5s,50Mbps,20.569126,14.477105000000002,28.337399999999995,24.410961,44.980087,0.9927576405875375,81.84954894736842,86.09465,1.4284159448474558,5.52,7.44,151.07080103359172,0,7,40.836936950683594,e2c9e30c6ebdfd534aa7e30f6324b5674d138b9f
topology-single-bottleneck_tcp-cubic-vs-reno_queue-codel_rtt-80ms_ecn-1_run-3,0,cubic,reno,single-bottleneck,codel,80ms,1,3,40s,5s,10s,5s,50Mbps,28.230206,22.736535,35.35147,17.502265,45.732471000000004,0.9478421779983206,81.78876578947369,86.02611999999999,1.2949925504823803,5.52,6.98048,194.47479702970296,0,7,34.27526092529297,e2c9e30c6ebdfd534aa7e30f6324b5674d138b9f
topology-single-bottleneck_tcp-cubic-vs-reno_queue-fq_rtt-10ms_ecn-1_run-1,0,cubic,reno,single-bottleneck,fq,10ms,1,1,40s,5s,10s,5s,50Mbps,24.420806,24.0947,24.560995000000002,23.715925,48.136731,0.9997856194863806,10.76089157894737,10.970765,3.8141857866030033,6.24,7.68,31.386540248962657,0,69,37.360954999923706,e2c9e30c6ebdfd534aa7e30f6324b5674d138b9f
topology-single-bottleneck_tcp-cubic-vs-reno_queue-fq_rtt-10ms_ecn-1_run-2,0,cubic,reno,single-bottleneck,fq,10ms,1,2,40s,5s,10s,5s,50Mbps,24.442818,24.0947,24.5581,23.6997104,48.1425284,0.9997617997822885,10.756043684210526,10.972895,3.922719626932045,6.48,7.68,31.28030993975904,0,72,37.91116285324097,e2c9e30c6ebdfd534aa7e30f6324b5674d138b9f
topology-single-bottleneck_tcp-cubic-vs-reno_queue-fq_rtt-10ms_ecn-1_run-3,0,cubic,reno,single-bottleneck,fq,10ms,1,3,40s,5s,10s,5s,50Mbps,24.345506,24.0947,24.5581,23.832919999999998,48.178426,0.9998868175453189,10.759626315789474,10.966575,3.88501285228079,6.48,7.68,31.231318644067795,0,71,37.735809087753296,e2c9e30c6ebdfd534aa7e30f6324b5674d138b9f
topology-single-bottleneck_tcp-cubic-vs-reno_queue-fq_rtt-80ms_ecn-1_run-1,0,cubic,reno,single-bottleneck,fq,80ms,1,1,40s,5s,10s,5s,50Mbps,26.138713,22.163125,29.194595000000003,19.01224,45.150953,0.9756931488853012,80.47674578947368,80.91413,0.6605677388675483,3.6,5.52,169.2204084507042,0,4,34.89939999580383,e2c9e30c6ebdfd534aa7e30f6324b5674d138b9f
topology-single-bottleneck_tcp-cubic-vs-reno_queue-fq_rtt-80ms_ecn-1_run-2,0,cubic,reno,single-bottleneck,fq,80ms,1,2,40s,5s,10s,5s,50Mbps,24.406905000000002,19.611729999999998,28.85868,20.218714,44.625619,0.9912687610881078,80.52340421052631,80.94686999999999,0.7644122799751502,4.08,8.16,175.43268698060942,0,6,34.25001287460327,e2c9e30c6ebdfd534aa7e30f6324b5674d138b9f
topology-single-bottleneck_tcp-cubic-vs-reno_queue-fq_rtt-80ms_ecn-1_run-3,0,cubic,reno,single-bottleneck,fq,80ms,1,3,40s,5s,10s,5s,50Mbps,24.159008,19.55383,28.80937,20.436493,44.595501,0.9930804911576828,80.5244205263158,80.91366500000001,0.7648210219885525,4.08,7.44,174.5836509695291,0,6,33.73756790161133,e2c9e30c6ebdfd534aa7e30f6324b5674d138b9f
topology-single-bottleneck_tcp-reno-vs-dctcp_queue-codel_rtt-10ms_ecn-1_run-1,0,reno,dctcp,single-bottleneck,codel,10ms,1,1,40s,5s,10s,5s,50Mbps,5.47344,4.11232,7.06624,41.994318,47.467758,0.6281604559978257,11.028722105263157,12.004605,0.4516193652744898,1.2,2.64,6.243741472782537,0,11569,33.32195782661438,e2c9e30c6ebdfd534aa7e30f6324b5674d138b9f
topology-single-bottleneck_tcp-reno-vs-dctcp_queue-codel_rtt-10ms_ecn-1_run-2,0,reno,dctcp,single-bottleneck,codel,10ms,1,2,40s,5s,10s,5s,50Mbps,5.624032,4.326624000000001,7.184976,41.767855,47.391887,0.6322519661224371,10.989432631578948,11.832515,0.44903522069310187,1.22048,3.12,6.342566284078517,0,11600,33.22605895996094,e2c9e30c6ebdfd534aa7e30f6324b5674d138b9f
topology-single-bottleneck_tcp-reno-vs-dctcp_queue-codel_rtt-10ms_ecn-1_run-3,0,reno,dctcp,single-bottleneck,codel,10ms,1,3,40s,5s,10s,5s,50Mbps,5.4925536,3.99648,7.242896,41.848361999999995,47.340915599999995,0.6290263064828502,10.921824736842105,11.984515,0.446063442754985,1.44,2.64,6.257006374024526,0,12032,33.272099018096924,e2c9e30c6ebdfd534aa7e30f6324b5674d138b9f
topology-single-bottleneck_tcp-reno-vs-dctcp_queue-codel_rtt-80ms_ecn-1_run-1,0,reno,dctcp,single-bottleneck,codel,80ms,1,1,40s,5s,10s,5s,50Mbps,12.572693,2.8873119999999997,25.548495,27.143633,39.716326,0.8813698219317938,80.37533105263158,80.895925,0.15376058454029545,0.24,2.16,82.3189576446281,0,476,178.5102469921112,e2c9e30c6ebdfd534aa7e30f6324b5674d138b9f
topology-single-bottleneck_tcp-reno-vs-dctcp_queue-codel_rtt-80ms_ecn-1_run-2,0,reno,dctcp,single-bottleneck,codel,80ms,1,2,40s,5s,10s,5s,50Mbps,13.156527800000001,3.000256,31.81258,27.960300000000004,41.1168278,0.8852455964357362,80.39783157894736,80.96775,0.16272721043999944,0.48,1.92,86.15294775583483,0,960,23.111815929412842,e2c9e30c6ebdfd534aa7e30f6324b5674d138b9f
topology-single-bottleneck_tcp-reno-vs-dctcp_queue-codel_rtt-80ms_ecn-1_run-3,0,reno,dctcp,single-bottleneck,codel,80ms,1,3,40s,5s,10s,5s,50Mbps,13.664488,3.5244319999999996,32.406259999999996,27.4952064,41.1596944,0.8985425710330005,80.38094210526316,80.91741999999999,0.16217241933002308,0.48,2.16,91.85151936685288,0,704,22.644506692886353,e2c9e30c6ebdfd534aa7e30f6324b5674d138b9f
topology-single-bottleneck_tcp-reno-vs-dctcp_queue-fq_rtt-10ms_ecn-1_run-1,0,reno,dctcp,single-bottleneck,fq,10ms,1,1,40s,5s,10s,5s,50Mbps,5.931008,4.17024,8.062463999999999,41.474775,47.405783,0.6401370040919325,10.603537368421053,10.94412,0.41882548818389015,1.2,2.88,6.606934207119742,0,10087,34.35520100593567,e2c9e30c6ebdfd534aa7e30f6324b5674d138b9f
topology-single-bottleneck_tcp-reno-vs-dctcp_queue-fq_rtt-10ms_ecn-1_run-2,0,reno,dctcp,single-bottleneck,fq,10ms,1,2,40s,5s,10s,5s,50Mbps,5.6593632000000005,3.9935840000000002,7.135743999999999,41.83908099999999,47.498444199999994,0.6328345741367166,10.628051052631578,10.93863,0.4183037773804746,1.2,2.64,6.343280515267176,0,9857,34.991554737091064,e2c9e30c6ebdfd534aa7e30f6324b5674d138b9f
topology-single-bottleneck_tcp-reno-vs-dctcp_queue-fq_rtt-10ms_ecn-1_run-3,0,reno,dctcp,single-bottleneck,fq,10ms,1,3,40s,5s,10s,5s,50Mbps,5.9912454,4.344,7.709152,41.382101999999996,47.3733474,0.6418062812207187,10.654534210526316,10.971465,0.4224779215267827,1.2,2.88,6.622592504043127,0,10492,35.04985284805298,e2c9e30c6ebdfd534aa7e30f6324b5674d138b9f
topology-single-bottleneck_tcp-reno-vs-dctcp_queue-fq_rtt-80ms_ecn-1_run-1,0,reno,dctcp,single-bottleneck,fq,80ms,1,1,40s,5s,10s,5s,50Mbps,13.926284800000001,3.932768,27.975319999999996,27.732669,41.658953800000006,0.9010343382018804,80.39782842105264,80.80648500000001,0.1572206557015123,0.48,1.92,86.26149929254302,0,480,23.506157875061035,e2c9e30c6ebdfd534aa7e30f6324b5674d138b9f
topology-single-bottleneck_tcp-reno-vs-dctcp_queue-fq_rtt-80ms_ecn-1_run-2,0,reno,dctcp,single-bottleneck,fq,80ms,1,2,40s,5s,10s,5s,50Mbps,13.1472604,2.7193440000000004,31.81258,28.145647,41.292907400000004,0.8834481363944494,80.38878000000001,80.82422,0.15372306731184895,0.48,1.92,88.98038348794064,0,405,24.386083126068115,e2c9e30c6ebdfd534aa7e30f6324b5674d138b9f
topology-single-bottleneck_tcp-reno-vs-dctcp_queue-fq_rtt-80ms_ecn-1_run-3,0,reno,dctcp,single-bottleneck,fq,80ms,1,3,40s,5s,10s,5s,50Mbps,13.648851,3.686608,32.406259999999996,27.2270354,40.8758864,0.9006217244703053,80.34574631578947,80.81278,0.15439133020476611,0.24,1.92,90.74577981481482,0,693,24.380775928497314,e2c9e30c6ebdfd534aa7e30f6324b5674d138b9f
